supplier_id,supplier_name,region,delivery_id,scheduled_date,actual_receipt_date,status,is_partial,committed_spend,quarter
SUP001,Supplier B1,Asia,SI-SUP001-Q1-001,2025-01-17,2025-01-15,RECEIVED,False,330152.15,Q1
SUP001,Supplier B1,Asia,SI-SUP001-Q1-002,2025-02-02,2025-02-07,DELAYED,True,434934.98,Q1
SUP001,Supplier B1,Asia,SI-SUP001-Q1-003,2025-03-11,2025-03-16,DELAYED,False,157045.26,Q1
SUP001,Supplier B1,Asia,SI-SUP001-Q1-004,2025-03-17,2025-03-22,DELAYED,False,234568.11,Q1
SUP001,Supplier B1,Asia,SI-SUP001-Q2-001,2025-06-16,2025-06-17,RECEIVED,False,446975.54,Q2
SUP001,Supplier B1,Asia,SI-SUP001-Q2-002,2025-05-06,2025-05-07,RECEIVED,False,72013.46,Q2
SUP001,Supplier B1,Asia,SI-SUP001-Q2-003,2025-04-19,2025-04-22,LATE,True,66524.47,Q2
SUP001,Supplier B1,Asia,SI-SUP001-Q2-004,2025-04-05,2025-04-07,LATE,False,198999.99,Q2
SUP001,Supplier B1,Asia,SI-SUP001-Q3-001,2025-07-07,2025-07-07,RECEIVED,True,122600.85,Q3
SUP001,Supplier B1,Asia,SI-SUP001-Q3-002,2025-08-06,2025-08-06,RECEIVED,False,484831.97,Q3
SUP001,Supplier B1,Asia,SI-SUP001-Q3-003,2025-09-13,2025-09-11,RECEIVED,False,91906.83,Q3
SUP001,Supplier B1,Asia,SI-SUP001-Q3-004,2025-08-08,2025-08-12,DELAYED,False,419119.13,Q3
SUP001,Supplier B1,Asia,SI-SUP001-Q4-001,2025-12-10,2025-12-15,DELAYED,True,110545.61,Q4
SUP001,Supplier B1,Asia,SI-SUP001-Q4-002,2025-12-28,2025-12-31,LATE,False,287173.73,Q4
SUP001,Supplier B1,Asia,SI-SUP001-Q4-003,2025-12-07,2025-12-08,RECEIVED,False,325424.19,Q4
SUP001,Supplier B1,Asia,SI-SUP001-Q4-004,2025-10-14,2025-10-13,RECEIVED,False,267648.34,Q4
SUP001,Supplier B1,Asia,SI-SUP001-Q4-005,2025-12-28,2025-12-30,LATE,False,242174.12,Q4
SUP001,Supplier B1,Asia,SI-SUP001-Q4-006,2025-11-10,2025-11-13,LATE,False,467197.42,Q4
SUP001,Supplier B1,Asia,SI-SUP001-Q4-007,2025-12-18,2025-12-23,DELAYED,False,271627.0,Q4
SUP001,Supplier B1,Asia,SI-SUP001-Q4-008,2025-10-24,2025-10-25,RECEIVED,False,368864.18,Q4
SUP001,Supplier B1,Asia,SI-SUP001-Q4-009,2025-10-25,2025-10-23,RECEIVED,True,259198.54,Q4
SUP002,Supplier C2,Americas,SI-SUP002-Q1-001,2025-01-27,2025-01-31,DELAYED,False,236318.51,Q1
SUP002,Supplier C2,Americas,SI-SUP002-Q1-002,2025-02-12,2025-02-13,RECEIVED,False,55083.77,Q1
SUP002,Supplier C2,Americas,SI-SUP002-Q1-003,2025-01-26,2025-01-28,LATE,False,405587.98,Q1
SUP002,Supplier C2,Americas,SI-SUP002-Q1-004,2025-02-09,2025-02-12,LATE,False,395164.67,Q1
SUP002,Supplier C2,Americas,SI-SUP002-Q2-001,2025-06-27,2025-07-01,DELAYED,False,375978.49,Q2
SUP002,Supplier C2,Americas,SI-SUP002-Q2-002,2025-06-18,2025-06-18,RECEIVED,False,137307.01,Q2
SUP002,Supplier C2,Americas,SI-SUP002-Q2-003,2025-05-14,2025-05-19,DELAYED,False,462273.37,Q2
SUP002,Supplier C2,Americas,SI-SUP002-Q2-004,2025-04-05,2025-04-10,DELAYED,False,119923.83,Q2
SUP002,Supplier C2,Americas,SI-SUP002-Q3-001,2025-09-07,2025-09-12,DELAYED,False,402795.06,Q3
SUP002,Supplier C2,Americas,SI-SUP002-Q3-002,2025-08-22,2025-08-20,RECEIVED,False,425797.58,Q3
SUP002,Supplier C2,Americas,SI-SUP002-Q3-003,2025-08-08,2025-08-11,LATE,False,299829.74,Q3
SUP002,Supplier C2,Americas,SI-SUP002-Q3-004,2025-07-03,2025-07-06,LATE,False,409790.9,Q3
SUP002,Supplier C2,Americas,SI-SUP002-Q3-005,2025-08-15,2025-08-15,RECEIVED,True,176207.01,Q3
SUP002,Supplier C2,Americas,SI-SUP002-Q3-006,2025-07-04,2025-07-08,DELAYED,False,331929.88,Q3
SUP002,Supplier C2,Americas,SI-SUP002-Q3-007,2025-07-22,2025-07-26,DELAYED,False,134320.51,Q3
SUP002,Supplier C2,Americas,SI-SUP002-Q3-008,2025-07-15,2025-07-17,LATE,False,367369.78,Q3
SUP002,Supplier C2,Americas,SI-SUP002-Q3-009,2025-08-10,2025-08-12,LATE,False,236241.31,Q3
SUP002,Supplier C2,Americas,SI-SUP002-Q3-010,2025-09-02,2025-09-05,LATE,False,253357.85,Q3
SUP002,Supplier C2,Americas,SI-SUP002-Q4-001,2025-10-28,2025-10-28,RECEIVED,False,100504.07,Q4
SUP002,Supplier C2,Americas,SI-SUP002-Q4-002,2025-10-05,2025-10-04,RECEIVED,False,249698.34,Q4
SUP002,Supplier C2,Americas,SI-SUP002-Q4-003,2025-10-04,2025-10-04,RECEIVED,False,135595.26,Q4
SUP002,Supplier C2,Americas,SI-SUP002-Q4-004,2025-12-01,2025-12-03,LATE,False,398989.94,Q4
SUP002,Supplier C2,Americas,SI-SUP002-Q4-005,2025-10-19,2025-10-18,RECEIVED,False,419962.33,Q4
SUP002,Supplier C2,Americas,SI-SUP002-Q4-006,2025-12-06,2025-12-06,RECEIVED,False,142334.2,Q4
SUP002,Supplier C2,Americas,SI-SUP002-Q4-007,2025-10-05,2025-10-04,RECEIVED,False,51849.44,Q4
SUP003,Supplier D3,Other,SI-SUP003-Q1-001,2025-03-29,2025-03-28,RECEIVED,False,199980.39,Q1
SUP003,Supplier D3,Other,SI-SUP003-Q1-002,2025-01-06,2025-01-08,LATE,True,60116.12,Q1
SUP003,Supplier D3,Other,SI-SUP003-Q1-003,2025-02-09,2025-02-10,RECEIVED,False,194396.17,Q1
SUP003,Supplier D3,Other,SI-SUP003-Q2-001,2025-05-07,2025-05-10,LATE,False,397754.19,Q2
SUP003,Supplier D3,Other,SI-SUP003-Q2-002,2025-06-25,2025-06-25,RECEIVED,True,120873.21,Q2
SUP003,Supplier D3,Other,SI-SUP003-Q2-003,2025-04-15,2025-04-14,RECEIVED,True,142959.82,Q2
SUP003,Supplier D3,Other,SI-SUP003-Q2-004,2025-05-15,2025-05-17,LATE,False,113700.57,Q2
SUP003,Supplier D3,Other,SI-SUP003-Q2-005,2025-06-30,2025-07-01,RECEIVED,False,127073.74,Q2
SUP003,Supplier D3,Other,SI-SUP003-Q2-006,2025-05-10,2025-05-13,LATE,False,293259.7,Q2
SUP003,Supplier D3,Other,SI-SUP003-Q3-001,2025-07-17,2025-07-15,RECEIVED,True,97667.11,Q3
SUP003,Supplier D3,Other,SI-SUP003-Q3-002,2025-07-07,2025-07-11,DELAYED,True,130542.35,Q3
SUP003,Supplier D3,Other,SI-SUP003-Q3-003,2025-09-15,2025-09-20,DELAYED,False,327341.9,Q3
SUP003,Supplier D3,Other,SI-SUP003-Q4-001,2025-11-12,2025-11-11,RECEIVED,False,488156.85,Q4
SUP003,Supplier D3,Other,SI-SUP003-Q4-002,2025-11-29,2025-11-28,RECEIVED,False,415782.96,Q4
SUP003,Supplier D3,Other,SI-SUP003-Q4-003,2025-12-29,2026-01-03,DELAYED,False,189676.26,Q4
SUP003,Supplier D3,Other,SI-SUP003-Q4-004,2025-12-22,2025-12-27,DELAYED,False,261745.64,Q4
SUP003,Supplier D3,Other,SI-SUP003-Q4-005,2025-10-29,2025-10-31,LATE,True,460787.72,Q4
SUP003,Supplier D3,Other,SI-SUP003-Q4-006,2025-11-20,2025-11-23,LATE,False,404950.42,Q4
SUP003,Supplier D3,Other,SI-SUP003-Q4-007,2025-11-11,2025-11-09,RECEIVED,False,79414.34,Q4
SUP004,Supplier E4,Europe,SI-SUP004-Q1-001,2025-02-14,2025-02-14,RECEIVED,False,177015.82,Q1
SUP004,Supplier E4,Europe,SI-SUP004-Q1-002,2025-02-14,2025-02-14,RECEIVED,False,278577.35,Q1
SUP004,Supplier E4,Europe,SI-SUP004-Q1-003,2025-02-21,2025-02-20,RECEIVED,False,196641.38,Q1
SUP004,Supplier E4,Europe,SI-SUP004-Q1-004,2025-03-25,2025-03-27,LATE,True,289735.5,Q1
SUP004,Supplier E4,Europe,SI-SUP004-Q2-001,2025-06-15,2025-06-16,RECEIVED,False,296577.06,Q2
SUP004,Supplier E4,Europe,SI-SUP004-Q2-002,2025-06-01,2025-06-04,LATE,False,143707.17,Q2
SUP004,Supplier E4,Europe,SI-SUP004-Q2-003,2025-06-28,2025-07-02,DELAYED,False,305245.04,Q2
SUP004,Supplier E4,Europe,SI-SUP004-Q2-004,2025-05-14,2025-05-15,RECEIVED,False,127888.46,Q2
SUP004,Supplier E4,Europe,SI-SUP004-Q2-005,2025-06-25,2025-06-30,DELAYED,True,101445.29,Q2
SUP004,Supplier E4,Europe,SI-SUP004-Q2-006,2025-06-16,2025-06-15,RECEIVED,False,419910.37,Q2
SUP004,Supplier E4,Europe,SI-SUP004-Q2-007,2025-04-23,2025-04-27,DELAYED,False,81323.44,Q2
SUP004,Supplier E4,Europe,SI-SUP004-Q2-008,2025-04-14,2025-04-18,DELAYED,False,197333.71,Q2
SUP004,Supplier E4,Europe,SI-SUP004-Q2-009,2025-06-22,2025-06-21,RECEIVED,False,147925.3,Q2
SUP004,Supplier E4,Europe,SI-SUP004-Q3-001,2025-09-13,2025-09-11,RECEIVED,False,390684.97,Q3
SUP004,Supplier E4,Europe,SI-SUP004-Q3-002,2025-09-23,2025-09-25,LATE,True,225492.2,Q3
SUP004,Supplier E4,Europe,SI-SUP004-Q3-003,2025-09-12,2025-09-13,RECEIVED,False,356682.55,Q3
SUP004,Supplier E4,Europe,SI-SUP004-Q3-004,2025-08-10,2025-08-12,LATE,False,463325.73,Q3
SUP004,Supplier E4,Europe,SI-SUP004-Q3-005,2025-08-25,2025-08-28,LATE,False,495630.17,Q3
SUP004,Supplier E4,Europe,SI-SUP004-Q4-001,2025-12-18,2025-12-22,DELAYED,False,431436.54,Q4
SUP004,Supplier E4,Europe,SI-SUP004-Q4-002,2025-11-07,2025-11-05,RECEIVED,True,50379.49,Q4
SUP004,Supplier E4,Europe,SI-SUP004-Q4-003,2025-12-11,2025-12-14,LATE,False,99364.24,Q4
SUP005,Supplier F5,Asia,SI-SUP005-Q1-001,2025-01-04,2025-01-08,DELAYED,False,331346.44,Q1
SUP005,Supplier F5,Asia,SI-SUP005-Q1-002,2025-02-18,2025-02-22,DELAYED,False,295303.45,Q1
SUP005,Supplier F5,Asia,SI-SUP005-Q1-003,2025-03-26,2025-03-26,RECEIVED,False,134702.08,Q1
SUP005,Supplier F5,Asia,SI-SUP005-Q1-004,2025-02-19,2025-02-22,LATE,False,427983.21,Q1
SUP005,Supplier F5,Asia,SI-SUP005-Q1-005,2025-01-20,2025-01-20,RECEIVED,False,110424.85,Q1
SUP005,Supplier F5,Asia,SI-SUP005-Q1-006,2025-01-10,2025-01-10,RECEIVED,False,374602.65,Q1
SUP005,Supplier F5,Asia,SI-SUP005-Q1-007,2025-03-04,2025-03-04,RECEIVED,False,88098.55,Q1
SUP005,Supplier F5,Asia,SI-SUP005-Q2-001,2025-05-29,2025-06-02,DELAYED,False,330461.82,Q2
SUP005,Supplier F5,Asia,SI-SUP005-Q2-002,2025-05-29,2025-06-03,DELAYED,False,223121.62,Q2
SUP005,Supplier F5,Asia,SI-SUP005-Q2-003,2025-04-29,2025-04-27,RECEIVED,False,310072.33,Q2
SUP005,Supplier F5,Asia,SI-SUP005-Q2-004,2025-05-01,2025-05-03,LATE,False,234877.02,Q2
SUP005,Supplier F5,Asia,SI-SUP005-Q2-005,2025-06-09,2025-06-07,RECEIVED,False,490205.05,Q2
SUP005,Supplier F5,Asia,SI-SUP005-Q2-006,2025-06-12,2025-06-15,LATE,False,100923.97,Q2
SUP005,Supplier F5,Asia,SI-SUP005-Q2-007,2025-06-01,2025-05-31,RECEIVED,False,113939.37,Q2
SUP005,Supplier F5,Asia,SI-SUP005-Q2-008,2025-06-07,2025-06-09,LATE,False,259221.35,Q2
SUP005,Supplier F5,Asia,SI-SUP005-Q2-009,2025-04-11,2025-04-10,RECEIVED,False,160354.09,Q2
SUP005,Supplier F5,Asia,SI-SUP005-Q3-001,2025-09-26,2025-09-28,LATE,False,325867.6,Q3
SUP005,Supplier F5,Asia,SI-SUP005-Q3-002,2025-08-13,2025-08-11,RECEIVED,False,260990.96,Q3
SUP005,Supplier F5,Asia,SI-SUP005-Q3-003,2025-09-04,2025-09-07,LATE,False,239457.25,Q3
SUP005,Supplier F5,Asia,SI-SUP005-Q3-004,2025-08-07,2025-08-05,RECEIVED,False,362773.02,Q3
SUP005,Supplier F5,Asia,SI-SUP005-Q4-001,2025-12-12,2025-12-17,DELAYED,False,310163.49,Q4
SUP005,Supplier F5,Asia,SI-SUP005-Q4-002,2025-12-13,2025-12-15,LATE,True,414003.1,Q4
SUP005,Supplier F5,Asia,SI-SUP005-Q4-003,2025-12-19,2025-12-24,DELAYED,True,87129.58,Q4
SUP005,Supplier F5,Asia,SI-SUP005-Q4-004,2025-12-04,2025-12-06,LATE,True,163422.94,Q4
SUP005,Supplier F5,Asia,SI-SUP005-Q4-005,2025-12-18,2025-12-20,LATE,False,56391.35,Q4
SUP005,Supplier F5,Asia,SI-SUP005-Q4-006,2025-10-15,2025-10-15,RECEIVED,False,346620.04,Q4
SUP005,Supplier F5,Asia,SI-SUP005-Q4-007,2025-11-17,2025-11-19,LATE,False,402137.47,Q4
SUP006,Supplier G6,Americas,SI-SUP006-Q1-001,2025-03-04,2025-03-02,RECEIVED,False,204281.6,Q1
SUP006,Supplier G6,Americas,SI-SUP006-Q1-002,2025-01-11,2025-01-11,RECEIVED,False,426926.4,Q1
SUP006,Supplier G6,Americas,SI-SUP006-Q1-003,2025-02-22,2025-02-23,RECEIVED,False,347300.28,Q1
SUP006,Supplier G6,Americas,SI-SUP006-Q1-004,2025-03-23,2025-03-26,LATE,False,74446.6,Q1
SUP006,Supplier G6,Americas,SI-SUP006-Q1-005,2025-02-03,2025-02-02,RECEIVED,False,73635.44,Q1
SUP006,Supplier G6,Americas,SI-SUP006-Q1-006,2025-03-01,2025-03-03,LATE,False,264319.81,Q1
SUP006,Supplier G6,Americas,SI-SUP006-Q2-001,2025-05-19,2025-05-23,DELAYED,False,263565.31,Q2
SUP006,Supplier G6,Americas,SI-SUP006-Q2-002,2025-04-19,2025-04-23,DELAYED,False,55338.37,Q2
SUP006,Supplier G6,Americas,SI-SUP006-Q2-003,2025-05-28,2025-05-31,LATE,False,482793.23,Q2
SUP006,Supplier G6,Americas,SI-SUP006-Q2-004,2025-06-27,2025-06-26,RECEIVED,False,462970.46,Q2
SUP006,Supplier G6,Americas,SI-SUP006-Q2-005,2025-06-21,2025-06-25,DELAYED,False,324718.51,Q2
SUP006,Supplier G6,Americas,SI-SUP006-Q2-006,2025-06-23,2025-06-26,LATE,False,171646.75,Q2
SUP006,Supplier G6,Americas,SI-SUP006-Q3-001,2025-08-02,2025-08-06,DELAYED,False,257498.87,Q3
SUP006,Supplier G6,Americas,SI-SUP006-Q3-002,2025-09-25,2025-09-26,RECEIVED,False,283978.54,Q3
SUP006,Supplier G6,Americas,SI-SUP006-Q3-003,2025-09-25,2025-09-25,RECEIVED,False,190971.42,Q3
SUP006,Supplier G6,Americas,SI-SUP006-Q3-004,2025-07-02,2025-07-01,RECEIVED,False,55382.63,Q3
SUP006,Supplier G6,Americas,SI-SUP006-Q4-001,2025-12-07,2025-12-12,DELAYED,True,208182.39,Q4
SUP006,Supplier G6,Americas,SI-SUP006-Q4-002,2025-11-06,2025-11-04,RECEIVED,False,60665.21,Q4
SUP006,Supplier G6,Americas,SI-SUP006-Q4-003,2025-10-12,2025-10-13,RECEIVED,True,477720.03,Q4
SUP006,Supplier G6,Americas,SI-SUP006-Q4-004,2025-12-21,2025-12-20,RECEIVED,True,88873.87,Q4
SUP007,Supplier H7,Other,SI-SUP007-Q1-001,2025-02-18,2025-02-18,RECEIVED,False,453200.73,Q1
SUP007,Supplier H7,Other,SI-SUP007-Q1-002,2025-03-31,2025-04-02,LATE,False,260130.01,Q1
SUP007,Supplier H7,Other,SI-SUP007-Q1-003,2025-01-10,2025-01-12,LATE,False,396211.61,Q1
SUP007,Supplier H7,Other,SI-SUP007-Q1-004,2025-03-30,2025-04-02,LATE,False,165801.47,Q1
SUP007,Supplier H7,Other,SI-SUP007-Q1-005,2025-01-10,2025-01-08,RECEIVED,False,222259.55,Q1
SUP007,Supplier H7,Other,SI-SUP007-Q2-001,2025-04-08,2025-04-10,LATE,False,130068.27,Q2
SUP007,Supplier H7,Other,SI-SUP007-Q2-002,2025-04-09,2025-04-10,RECEIVED,False,324635.85,Q2
SUP007,Supplier H7,Other,SI-SUP007-Q2-003,2025-04-23,2025-04-22,RECEIVED,False,114742.67,Q2
SUP007,Supplier H7,Other,SI-SUP007-Q2-004,2025-05-26,2025-05-25,RECEIVED,False,460674.15,Q2
SUP007,Supplier H7,Other,SI-SUP007-Q2-005,2025-05-04,2025-05-03,RECEIVED,True,81685.55,Q2
SUP007,Supplier H7,Other,SI-SUP007-Q2-006,2025-05-03,2025-05-01,RECEIVED,False,453430.58,Q2
SUP007,Supplier H7,Other,SI-SUP007-Q2-007,2025-04-20,2025-04-18,RECEIVED,False,469802.18,Q2
SUP007,Supplier H7,Other,SI-SUP007-Q2-008,2025-06-25,2025-06-25,RECEIVED,False,365024.84,Q2
SUP007,Supplier H7,Other,SI-SUP007-Q3-001,2025-09-12,2025-09-17,DELAYED,True,265162.74,Q3
SUP007,Supplier H7,Other,SI-SUP007-Q3-002,2025-08-21,2025-08-20,RECEIVED,False,293057.92,Q3
SUP007,Supplier H7,Other,SI-SUP007-Q3-003,2025-07-01,2025-07-06,DELAYED,False,104541.64,Q3
SUP007,Supplier H7,Other,SI-SUP007-Q3-004,2025-09-07,2025-09-10,LATE,False,200047.87,Q3
SUP007,Supplier H7,Other,SI-SUP007-Q3-005,2025-08-08,2025-08-07,RECEIVED,False,214409.91,Q3
SUP007,Supplier H7,Other,SI-SUP007-Q3-006,2025-08-13,2025-08-18,DELAYED,True,392203.89,Q3
SUP007,Supplier H7,Other,SI-SUP007-Q3-007,2025-08-07,2025-08-07,RECEIVED,False,299513.96,Q3
SUP007,Supplier H7,Other,SI-SUP007-Q3-008,2025-08-19,2025-08-21,LATE,False,363147.03,Q3
SUP007,Supplier H7,Other,SI-SUP007-Q3-009,2025-07-14,2025-07-17,LATE,False,268926.59,Q3
SUP007,Supplier H7,Other,SI-SUP007-Q4-001,2025-10-25,2025-10-26,RECEIVED,True,61414.07,Q4
SUP007,Supplier H7,Other,SI-SUP007-Q4-002,2025-12-15,2025-12-19,DELAYED,False,78346.68,Q4
SUP007,Supplier H7,Other,SI-SUP007-Q4-003,2025-12-09,2025-12-14,DELAYED,False,290273.02,Q4
SUP007,Supplier H7,Other,SI-SUP007-Q4-004,2025-11-27,2025-11-25,RECEIVED,False,66669.21,Q4
SUP007,Supplier H7,Other,SI-SUP007-Q4-005,2025-10-08,2025-10-06,RECEIVED,False,232478.54,Q4
SUP007,Supplier H7,Other,SI-SUP007-Q4-006,2025-10-28,2025-11-02,DELAYED,False,473040.41,Q4
SUP007,Supplier H7,Other,SI-SUP007-Q4-007,2025-12-08,2025-12-09,RECEIVED,True,466167.12,Q4
SUP007,Supplier H7,Other,SI-SUP007-Q4-008,2025-10-05,2025-10-10,DELAYED,False,344224.19,Q4
SUP007,Supplier H7,Other,SI-SUP007-Q4-009,2025-11-30,2025-11-28,RECEIVED,False,159207.15,Q4
SUP007,Supplier H7,Other,SI-SUP007-Q4-010,2025-12-23,2025-12-23,RECEIVED,True,334697.65,Q4
SUP008,Supplier I8,Europe,SI-SUP008-Q1-001,2025-01-13,2025-01-13,RECEIVED,False,425908.47,Q1
SUP008,Supplier I8,Europe,SI-SUP008-Q1-002,2025-01-09,2025-01-08,RECEIVED,False,101380.86,Q1
SUP008,Supplier I8,Europe,SI-SUP008-Q1-003,2025-03-18,2025-03-19,RECEIVED,False,78399.55,Q1
SUP008,Supplier I8,Europe,SI-SUP008-Q1-004,2025-01-26,2025-01-30,DELAYED,False,195905.72,Q1
SUP008,Supplier I8,Europe,SI-SUP008-Q1-005,2025-03-29,2025-03-29,RECEIVED,False,194715.45,Q1
SUP008,Supplier I8,Europe,SI-SUP008-Q1-006,2025-01-28,2025-01-28,RECEIVED,False,200976.68,Q1
SUP008,Supplier I8,Europe,SI-SUP008-Q1-007,2025-01-16,2025-01-20,DELAYED,False,125622.88,Q1
SUP008,Supplier I8,Europe,SI-SUP008-Q2-001,2025-06-10,2025-06-11,RECEIVED,False,466553.99,Q2
SUP008,Supplier I8,Europe,SI-SUP008-Q2-002,2025-04-06,2025-04-10,DELAYED,True,399947.74,Q2
SUP008,Supplier I8,Europe,SI-SUP008-Q2-003,2025-04-03,2025-04-02,RECEIVED,False,52857.31,Q2
SUP008,Supplier I8,Europe,SI-SUP008-Q2-004,2025-04-23,2025-04-25,LATE,False,237300.01,Q2
SUP008,Supplier I8,Europe,SI-SUP008-Q2-005,2025-05-31,2025-06-01,RECEIVED,False,114389.54,Q2
SUP008,Supplier I8,Europe,SI-SUP008-Q2-006,2025-05-05,2025-05-09,DELAYED,False,157664.19,Q2
SUP008,Supplier I8,Europe,SI-SUP008-Q2-007,2025-04-23,2025-04-21,RECEIVED,False,318322.39,Q2
SUP008,Supplier I8,Europe,SI-SUP008-Q2-008,2025-06-03,2025-06-02,RECEIVED,False,332236.24,Q2
SUP008,Supplier I8,Europe,SI-SUP008-Q3-001,2025-08-14,2025-08-15,RECEIVED,False,136356.29,Q3
SUP008,Supplier I8,Europe,SI-SUP008-Q3-002,2025-09-06,2025-09-09,LATE,False,438228.98,Q3
SUP008,Supplier I8,Europe,SI-SUP008-Q3-003,2025-09-08,2025-09-13,DELAYED,False,396649.08,Q3
SUP008,Supplier I8,Europe,SI-SUP008-Q3-004,2025-09-23,2025-09-21,RECEIVED,False,137173.55,Q3
SUP008,Supplier I8,Europe,SI-SUP008-Q3-005,2025-07-20,2025-07-25,DELAYED,False,273881.68,Q3
SUP008,Supplier I8,Europe,SI-SUP008-Q3-006,2025-07-21,2025-07-19,RECEIVED,False,74312.43,Q3
SUP008,Supplier I8,Europe,SI-SUP008-Q3-007,2025-08-16,2025-08-20,DELAYED,False,163121.8,Q3
SUP008,Supplier I8,Europe,SI-SUP008-Q4-001,2025-10-06,2025-10-04,RECEIVED,True,466187.61,Q4
SUP008,Supplier I8,Europe,SI-SUP008-Q4-002,2025-10-23,2025-10-21,RECEIVED,False,268277.63,Q4
SUP008,Supplier I8,Europe,SI-SUP008-Q4-003,2025-10-15,2025-10-16,RECEIVED,True,374631.39,Q4
SUP008,Supplier I8,Europe,SI-SUP008-Q4-004,2025-12-15,2025-12-19,DELAYED,False,139438.13,Q4
SUP008,Supplier I8,Europe,SI-SUP008-Q4-005,2025-12-26,2025-12-27,RECEIVED,False,400538.88,Q4
SUP008,Supplier I8,Europe,SI-SUP008-Q4-006,2025-11-11,2025-11-12,RECEIVED,False,381986.54,Q4
SUP008,Supplier I8,Europe,SI-SUP008-Q4-007,2025-10-26,2025-10-27,RECEIVED,False,83088.37,Q4
SUP008,Supplier I8,Europe,SI-SUP008-Q4-008,2025-12-14,2025-12-18,DELAYED,False,115223.57,Q4
SUP008,Supplier I8,Europe,SI-SUP008-Q4-009,2025-12-18,2025-12-22,DELAYED,False,218068.29,Q4
SUP008,Supplier I8,Europe,SI-SUP008-Q4-010,2025-11-28,2025-12-01,LATE,False,489000.15,Q4
SUP009,Supplier J9,Asia,SI-SUP009-Q1-001,2025-02-12,2025-02-10,RECEIVED,True,176271.87,Q1
SUP009,Supplier J9,Asia,SI-SUP009-Q1-002,2025-01-15,2025-01-20,DELAYED,False,238200.72,Q1
SUP009,Supplier J9,Asia,SI-SUP009-Q1-003,2025-02-13,2025-02-15,LATE,False,321636.19,Q1
SUP009,Supplier J9,Asia,SI-SUP009-Q1-004,2025-03-23,2025-03-23,RECEIVED,False,310154.65,Q1
SUP009,Supplier J9,Asia,SI-SUP009-Q1-005,2025-03-12,2025-03-11,RECEIVED,False,235263.26,Q1
SUP009,Supplier J9,Asia,SI-SUP009-Q1-006,2025-03-08,2025-03-09,RECEIVED,False,316211.39,Q1
SUP009,Supplier J9,Asia,SI-SUP009-Q2-001,2025-05-06,2025-05-10,DELAYED,True,381280.49,Q2
SUP009,Supplier J9,Asia,SI-SUP009-Q2-002,2025-05-02,2025-05-06,DELAYED,False,310760.16,Q2
SUP009,Supplier J9,Asia,SI-SUP009-Q2-003,2025-06-15,2025-06-13,RECEIVED,False,237997.33,Q2
SUP009,Supplier J9,Asia,SI-SUP009-Q2-004,2025-04-06,2025-04-11,DELAYED,True,380064.34,Q2
SUP009,Supplier J9,Asia,SI-SUP009-Q2-005,2025-06-04,2025-06-08,DELAYED,True,265671.2,Q2
SUP009,Supplier J9,Asia,SI-SUP009-Q2-006,2025-06-29,2025-07-04,DELAYED,False,272878.27,Q2
SUP009,Supplier J9,Asia,SI-SUP009-Q2-007,2025-04-11,2025-04-09,RECEIVED,False,361921.93,Q2
SUP009,Supplier J9,Asia,SI-SUP009-Q2-008,2025-05-23,2025-05-23,RECEIVED,False,211282.56,Q2
SUP009,Supplier J9,Asia,SI-SUP009-Q2-009,2025-05-01,2025-04-30,RECEIVED,False,57168.57,Q2
SUP009,Supplier J9,Asia,SI-SUP009-Q2-010,2025-06-25,2025-06-30,DELAYED,False,436064.95,Q2
SUP009,Supplier J9,Asia,SI-SUP009-Q3-001,2025-08-28,2025-08-28,RECEIVED,False,443389.57,Q3
SUP009,Supplier J9,Asia,SI-SUP009-Q3-002,2025-08-21,2025-08-24,LATE,False,332064.93,Q3
SUP009,Supplier J9,Asia,SI-SUP009-Q3-003,2025-09-29,2025-09-28,RECEIVED,False,223195.67,Q3
SUP009,Supplier J9,Asia,SI-SUP009-Q4-001,2025-12-07,2025-12-11,DELAYED,True,388799.6,Q4
SUP009,Supplier J9,Asia,SI-SUP009-Q4-002,2025-12-29,2025-12-30,RECEIVED,False,404461.33,Q4
SUP009,Supplier J9,Asia,SI-SUP009-Q4-003,2025-10-11,2025-10-14,LATE,False,381092.35,Q4
SUP009,Supplier J9,Asia,SI-SUP009-Q4-004,2025-10-08,2025-10-11,LATE,False,449590.06,Q4
SUP009,Supplier J9,Asia,SI-SUP009-Q4-005,2025-10-15,2025-10-20,DELAYED,False,328610.05,Q4
SUP009,Supplier J9,Asia,SI-SUP009-Q4-006,2025-11-16,2025-11-15,RECEIVED,False,302341.19,Q4
SUP009,Supplier J9,Asia,SI-SUP009-Q4-007,2025-10-27,2025-10-30,LATE,True,157384.72,Q4
SUP009,Supplier J9,Asia,SI-SUP009-Q4-008,2025-10-15,2025-10-16,RECEIVED,False,388928.07,Q4
SUP010,Supplier K10,Americas,SI-SUP010-Q1-001,2025-02-11,2025-02-13,LATE,False,276604.69,Q1
SUP010,Supplier K10,Americas,SI-SUP010-Q1-002,2025-02-24,2025-02-23,RECEIVED,False,217766.2,Q1
SUP010,Supplier K10,Americas,SI-SUP010-Q1-003,2025-02-27,2025-02-26,RECEIVED,False,261573.73,Q1
SUP010,Supplier K10,Americas,SI-SUP010-Q1-004,2025-03-10,2025-03-12,LATE,False,253390.27,Q1
SUP010,Supplier K10,Americas,SI-SUP010-Q1-005,2025-02-17,2025-02-16,RECEIVED,False,134759.11,Q1
SUP010,Supplier K10,Americas,SI-SUP010-Q1-006,2025-02-28,2025-03-04,DELAYED,True,454075.64,Q1
SUP010,Supplier K10,Americas,SI-SUP010-Q2-001,2025-04-10,2025-04-12,LATE,True,100411.06,Q2
SUP010,Supplier K10,Americas,SI-SUP010-Q2-002,2025-04-19,2025-04-20,RECEIVED,False,284309.44,Q2
SUP010,Supplier K10,Americas,SI-SUP010-Q2-003,2025-06-20,2025-06-24,DELAYED,True,486308.57,Q2
SUP010,Supplier K10,Americas,SI-SUP010-Q2-004,2025-06-09,2025-06-14,DELAYED,False,206015.11,Q2
SUP010,Supplier K10,Americas,SI-SUP010-Q2-005,2025-05-27,2025-05-25,RECEIVED,False,181182.56,Q2
SUP010,Supplier K10,Americas,SI-SUP010-Q2-006,2025-04-09,2025-04-10,RECEIVED,True,425726.38,Q2
SUP010,Supplier K10,Americas,SI-SUP010-Q2-007,2025-06-06,2025-06-10,DELAYED,False,310417.07,Q2
SUP010,Supplier K10,Americas,SI-SUP010-Q3-001,2025-09-01,2025-09-06,DELAYED,False,256103.19,Q3
SUP010,Supplier K10,Americas,SI-SUP010-Q3-002,2025-09-11,2025-09-13,LATE,True,127281.71,Q3
SUP010,Supplier K10,Americas,SI-SUP010-Q3-003,2025-08-03,2025-08-06,LATE,False,486825.82,Q3
SUP010,Supplier K10,Americas,SI-SUP010-Q3-004,2025-07-07,2025-07-09,LATE,True,255166.94,Q3
SUP010,Supplier K10,Americas,SI-SUP010-Q3-005,2025-07-22,2025-07-22,RECEIVED,False,370315.48,Q3
SUP010,Supplier K10,Americas,SI-SUP010-Q3-006,2025-08-06,2025-08-06,RECEIVED,False,427699.25,Q3
SUP010,Supplier K10,Americas,SI-SUP010-Q3-007,2025-09-27,2025-09-27,RECEIVED,False,122564.62,Q3
SUP010,Supplier K10,Americas,SI-SUP010-Q3-008,2025-07-15,2025-07-18,LATE,True,308536.33,Q3
SUP010,Supplier K10,Americas,SI-SUP010-Q4-001,2025-11-03,2025-11-04,RECEIVED,False,303119.26,Q4
SUP010,Supplier K10,Americas,SI-SUP010-Q4-002,2025-10-05,2025-10-08,LATE,False,116574.9,Q4
SUP010,Supplier K10,Americas,SI-SUP010-Q4-003,2025-11-27,2025-11-27,RECEIVED,False,290139.33,Q4
SUP010,Supplier K10,Americas,SI-SUP010-Q4-004,2025-10-16,2025-10-20,DELAYED,False,468981.01,Q4
SUP010,Supplier K10,Americas,SI-SUP010-Q4-005,2025-10-19,2025-10-22,LATE,False,120223.97,Q4
SUP010,Supplier K10,Americas,SI-SUP010-Q4-006,2025-12-09,2025-12-12,LATE,False,341259.78,Q4
SUP010,Supplier K10,Americas,SI-SUP010-Q4-007,2025-11-07,2025-11-09,LATE,False,486322.5,Q4
SUP010,Supplier K10,Americas,SI-SUP010-Q4-008,2025-12-13,2025-12-18,DELAYED,False,202407.99,Q4
SUP010,Supplier K10,Americas,SI-SUP010-Q4-009,2025-10-15,2025-10-13,RECEIVED,False,112740.48,Q4
SUP010,Supplier K10,Americas,SI-SUP010-Q4-010,2025-12-10,2025-12-08,RECEIVED,True,230733.46,Q4
SUP011,Supplier L11,Other,SI-SUP011-Q1-001,2025-02-27,2025-03-02,LATE,False,74765.14,Q1
SUP011,Supplier L11,Other,SI-SUP011-Q1-002,2025-03-24,2025-03-25,RECEIVED,False,401577.51,Q1
SUP011,Supplier L11,Other,SI-SUP011-Q1-003,2025-02-05,2025-02-04,RECEIVED,False,292285.53,Q1
SUP011,Supplier L11,Other,SI-SUP011-Q1-004,2025-02-27,2025-02-26,RECEIVED,False,489127.78,Q1
SUP011,Supplier L11,Other,SI-SUP011-Q1-005,2025-02-20,2025-02-23,LATE,False,321427.34,Q1
SUP011,Supplier L11,Other,SI-SUP011-Q1-006,2025-03-07,2025-03-10,LATE,False,228901.1,Q1
SUP011,Supplier L11,Other,SI-SUP011-Q2-001,2025-05-18,2025-05-16,RECEIVED,False,178092.66,Q2
SUP011,Supplier L11,Other,SI-SUP011-Q2-002,2025-05-15,2025-05-20,DELAYED,False,443435.78,Q2
SUP011,Supplier L11,Other,SI-SUP011-Q2-003,2025-04-12,2025-04-17,DELAYED,False,383687.45,Q2
SUP011,Supplier L11,Other,SI-SUP011-Q2-004,2025-05-24,2025-05-26,LATE,False,123705.65,Q2
SUP011,Supplier L11,Other,SI-SUP011-Q2-005,2025-05-25,2025-05-29,DELAYED,False,112805.46,Q2
SUP011,Supplier L11,Other,SI-SUP011-Q2-006,2025-06-15,2025-06-15,RECEIVED,False,143502.71,Q2
SUP011,Supplier L11,Other,SI-SUP011-Q2-007,2025-05-31,2025-06-03,LATE,False,79752.1,Q2
SUP011,Supplier L11,Other,SI-SUP011-Q2-008,2025-06-15,2025-06-14,RECEIVED,False,52978.49,Q2
SUP011,Supplier L11,Other,SI-SUP011-Q2-009,2025-06-21,2025-06-25,DELAYED,False,128701.85,Q2
SUP011,Supplier L11,Other,SI-SUP011-Q3-001,2025-09-29,2025-09-29,RECEIVED,False,139665.9,Q3
SUP011,Supplier L11,Other,SI-SUP011-Q3-002,2025-08-18,2025-08-23,DELAYED,False,69004.81,Q3
SUP011,Supplier L11,Other,SI-SUP011-Q3-003,2025-08-08,2025-08-10,LATE,False,272345.22,Q3
SUP011,Supplier L11,Other,SI-SUP011-Q3-004,2025-08-29,2025-08-27,RECEIVED,False,119310.79,Q3
SUP011,Supplier L11,Other,SI-SUP011-Q3-005,2025-08-08,2025-08-13,DELAYED,False,105879.62,Q3
SUP011,Supplier L11,Other,SI-SUP011-Q3-006,2025-09-24,2025-09-28,DELAYED,False,130717.54,Q3
SUP011,Supplier L11,Other,SI-SUP011-Q3-007,2025-09-27,2025-09-25,RECEIVED,False,103709.6,Q3
SUP011,Supplier L11,Other,SI-SUP011-Q3-008,2025-08-05,2025-08-04,RECEIVED,False,319501.1,Q3
SUP011,Supplier L11,Other,SI-SUP011-Q3-009,2025-08-16,2025-08-20,DELAYED,False,440755.66,Q3
SUP011,Supplier L11,Other,SI-SUP011-Q3-010,2025-09-19,2025-09-18,RECEIVED,False,217941.0,Q3
SUP011,Supplier L11,Other,SI-SUP011-Q4-001,2025-11-03,2025-11-01,RECEIVED,False,115761.7,Q4
SUP011,Supplier L11,Other,SI-SUP011-Q4-002,2025-11-29,2025-11-29,RECEIVED,False,210823.46,Q4
SUP011,Supplier L11,Other,SI-SUP011-Q4-003,2025-10-07,2025-10-11,DELAYED,False,336311.21,Q4
SUP012,Supplier M12,Europe,SI-SUP012-Q1-001,2025-01-07,2025-01-06,RECEIVED,False,281239.92,Q1
SUP012,Supplier M12,Europe,SI-SUP012-Q1-002,2025-03-22,2025-03-21,RECEIVED,False,319443.12,Q1
SUP012,Supplier M12,Europe,SI-SUP012-Q1-003,2025-01-22,2025-01-25,LATE,False,422069.9,Q1
SUP012,Supplier M12,Europe,SI-SUP012-Q1-004,2025-03-29,2025-03-31,LATE,False,358449.67,Q1
SUP012,Supplier M12,Europe,SI-SUP012-Q1-005,2025-03-30,2025-04-02,LATE,False,420491.67,Q1
SUP012,Supplier M12,Europe,SI-SUP012-Q1-006,2025-01-02,2025-01-04,LATE,True,217856.39,Q1
SUP012,Supplier M12,Europe,SI-SUP012-Q1-007,2025-03-04,2025-03-04,RECEIVED,False,96088.04,Q1
SUP012,Supplier M12,Europe,SI-SUP012-Q1-008,2025-01-20,2025-01-21,RECEIVED,False,407798.03,Q1
SUP012,Supplier M12,Europe,SI-SUP012-Q2-001,2025-05-24,2025-05-23,RECEIVED,False,102454.54,Q2
SUP012,Supplier M12,Europe,SI-SUP012-Q2-002,2025-04-17,2025-04-22,DELAYED,False,206694.46,Q2
SUP012,Supplier M12,Europe,SI-SUP012-Q2-003,2025-06-28,2025-07-03,DELAYED,False,450376.87,Q2
SUP012,Supplier M12,Europe,SI-SUP012-Q2-004,2025-06-16,2025-06-19,LATE,False,127493.22,Q2
SUP012,Supplier M12,Europe,SI-SUP012-Q3-001,2025-07-04,2025-07-03,RECEIVED,False,150061.03,Q3
SUP012,Supplier M12,Europe,SI-SUP012-Q3-002,2025-09-27,2025-09-28,RECEIVED,True,188342.75,Q3
SUP012,Supplier M12,Europe,SI-SUP012-Q3-003,2025-07-27,2025-07-26,RECEIVED,True,241162.28,Q3
SUP012,Supplier M12,Europe,SI-SUP012-Q3-004,2025-07-15,2025-07-20,DELAYED,True,390800.32,Q3
SUP012,Supplier M12,Europe,SI-SUP012-Q3-005,2025-07-06,2025-07-04,RECEIVED,False,406874.83,Q3
SUP012,Supplier M12,Europe,SI-SUP012-Q3-006,2025-09-04,2025-09-09,DELAYED,False,103515.0,Q3
SUP012,Supplier M12,Europe,SI-SUP012-Q3-007,2025-08-02,2025-08-04,LATE,True,350413.89,Q3
SUP012,Supplier M12,Europe,SI-SUP012-Q4-001,2025-10-16,2025-10-17,RECEIVED,False,314421.37,Q4
SUP012,Supplier M12,Europe,SI-SUP012-Q4-002,2025-10-26,2025-10-29,LATE,False,63166.6,Q4
SUP012,Supplier M12,Europe,SI-SUP012-Q4-003,2025-10-19,2025-10-21,LATE,False,476956.22,Q4
SUP012,Supplier M12,Europe,SI-SUP012-Q4-004,2025-11-14,2025-11-15,RECEIVED,False,277209.15,Q4
SUP013,Supplier N13,Asia,SI-SUP013-Q1-001,2025-01-13,2025-01-11,RECEIVED,False,287977.43,Q1
SUP013,Supplier N13,Asia,SI-SUP013-Q1-002,2025-01-25,2025-01-25,RECEIVED,False,455747.13,Q1
SUP013,Supplier N13,Asia,SI-SUP013-Q1-003,2025-03-10,2025-03-09,RECEIVED,True,465904.44,Q1
SUP013,Supplier N13,Asia,SI-SUP013-Q1-004,2025-03-06,2025-03-11,DELAYED,False,214908.36,Q1
SUP013,Supplier N13,Asia,SI-SUP013-Q2-001,2025-05-27,2025-05-26,RECEIVED,False,131381.84,Q2
SUP013,Supplier N13,Asia,SI-SUP013-Q2-002,2025-05-16,2025-05-20,DELAYED,False,146423.3,Q2
SUP013,Supplier N13,Asia,SI-SUP013-Q2-003,2025-04-30,2025-05-03,LATE,False,105626.93,Q2
SUP013,Supplier N13,Asia,SI-SUP013-Q2-004,2025-04-15,2025-04-20,DELAYED,False,393023.16,Q2
SUP013,Supplier N13,Asia,SI-SUP013-Q2-005,2025-06-30,2025-06-28,RECEIVED,False,87011.58,Q2
SUP013,Supplier N13,Asia,SI-SUP013-Q3-001,2025-07-15,2025-07-20,DELAYED,False,320175.28,Q3
SUP013,Supplier N13,Asia,SI-SUP013-Q3-002,2025-08-09,2025-08-14,DELAYED,False,151643.04,Q3
SUP013,Supplier N13,Asia,SI-SUP013-Q3-003,2025-08-22,2025-08-26,DELAYED,False,134953.24,Q3
SUP013,Supplier N13,Asia,SI-SUP013-Q3-004,2025-07-09,2025-07-14,DELAYED,False,472586.9,Q3
SUP013,Supplier N13,Asia,SI-SUP013-Q3-005,2025-08-17,2025-08-22,DELAYED,False,352442.97,Q3
SUP013,Supplier N13,Asia,SI-SUP013-Q3-006,2025-08-20,2025-08-19,RECEIVED,False,103648.03,Q3
SUP013,Supplier N13,Asia,SI-SUP013-Q3-007,2025-08-20,2025-08-19,RECEIVED,False,383644.47,Q3
SUP013,Supplier N13,Asia,SI-SUP013-Q3-008,2025-07-22,2025-07-23,RECEIVED,True,202384.24,Q3
SUP013,Supplier N13,Asia,SI-SUP013-Q3-009,2025-09-15,2025-09-19,DELAYED,False,105242.98,Q3
SUP013,Supplier N13,Asia,SI-SUP013-Q3-010,2025-08-24,2025-08-26,LATE,False,394167.66,Q3
SUP013,Supplier N13,Asia,SI-SUP013-Q4-001,2025-12-22,2025-12-25,LATE,False,264121.83,Q4
SUP013,Supplier N13,Asia,SI-SUP013-Q4-002,2025-12-17,2025-12-22,DELAYED,False,280136.53,Q4
SUP013,Supplier N13,Asia,SI-SUP013-Q4-003,2025-10-19,2025-10-18,RECEIVED,False,104985.53,Q4
SUP013,Supplier N13,Asia,SI-SUP013-Q4-004,2025-12-02,2025-12-02,RECEIVED,False,63375.58,Q4
SUP013,Supplier N13,Asia,SI-SUP013-Q4-005,2025-10-07,2025-10-12,DELAYED,False,355148.35,Q4
SUP013,Supplier N13,Asia,SI-SUP013-Q4-006,2025-10-23,2025-10-26,LATE,False,118731.49,Q4
SUP013,Supplier N13,Asia,SI-SUP013-Q4-007,2025-12-19,2025-12-18,RECEIVED,False,347486.27,Q4
SUP014,Supplier O14,Americas,SI-SUP014-Q1-001,2025-03-01,2025-03-06,DELAYED,False,270612.66,Q1
SUP014,Supplier O14,Americas,SI-SUP014-Q1-002,2025-02-03,2025-02-01,RECEIVED,False,478661.22,Q1
SUP014,Supplier O14,Americas,SI-SUP014-Q1-003,2025-01-05,2025-01-04,RECEIVED,False,222633.44,Q1
SUP014,Supplier O14,Americas,SI-SUP014-Q1-004,2025-02-10,2025-02-15,DELAYED,False,256845.31,Q1
SUP014,Supplier O14,Americas,SI-SUP014-Q1-005,2025-01-05,2025-01-07,LATE,False,448115.1,Q1
SUP014,Supplier O14,Americas,SI-SUP014-Q1-006,2025-01-22,2025-01-22,RECEIVED,False,190606.85,Q1
SUP014,Supplier O14,Americas,SI-SUP014-Q1-007,2025-02-19,2025-02-18,RECEIVED,False,305984.85,Q1
SUP014,Supplier O14,Americas,SI-SUP014-Q1-008,2025-03-04,2025-03-09,DELAYED,False,264159.97,Q1
SUP014,Supplier O14,Americas,SI-SUP014-Q1-009,2025-01-21,2025-01-25,DELAYED,False,168525.94,Q1
SUP014,Supplier O14,Americas,SI-SUP014-Q1-010,2025-03-17,2025-03-20,LATE,False,394911.85,Q1
SUP014,Supplier O14,Americas,SI-SUP014-Q2-001,2025-05-12,2025-05-10,RECEIVED,True,107689.13,Q2
SUP014,Supplier O14,Americas,SI-SUP014-Q2-002,2025-05-17,2025-05-15,RECEIVED,False,394337.31,Q2
SUP014,Supplier O14,Americas,SI-SUP014-Q2-003,2025-06-20,2025-06-19,RECEIVED,False,242666.69,Q2
SUP014,Supplier O14,Americas,SI-SUP014-Q2-004,2025-05-16,2025-05-14,RECEIVED,False,347558.0,Q2
SUP014,Supplier O14,Americas,SI-SUP014-Q2-005,2025-05-02,2025-05-04,LATE,False,316639.25,Q2
SUP014,Supplier O14,Americas,SI-SUP014-Q2-006,2025-06-28,2025-06-30,LATE,True,101512.08,Q2
SUP014,Supplier O14,Americas,SI-SUP014-Q2-007,2025-04-22,2025-04-25,LATE,True,66819.93,Q2
SUP014,Supplier O14,Americas,SI-SUP014-Q3-001,2025-09-11,2025-09-15,DELAYED,False,169978.5,Q3
SUP014,Supplier O14,Americas,SI-SUP014-Q3-002,2025-09-28,2025-09-26,RECEIVED,False,493594.15,Q3
SUP014,Supplier O14,Americas,SI-SUP014-Q3-003,2025-08-18,2025-08-21,LATE,False,307642.39,Q3
SUP014,Supplier O14,Americas,SI-SUP014-Q3-004,2025-09-01,2025-09-02,RECEIVED,True,201185.36,Q3
SUP014,Supplier O14,Americas,SI-SUP014-Q3-005,2025-09-03,2025-09-06,LATE,False,124982.25,Q3
SUP014,Supplier O14,Americas,SI-SUP014-Q3-006,2025-08-08,2025-08-12,DELAYED,False,140791.38,Q3
SUP014,Supplier O14,Americas,SI-SUP014-Q3-007,2025-09-20,2025-09-19,RECEIVED,False,428171.22,Q3
SUP014,Supplier O14,Americas,SI-SUP014-Q3-008,2025-09-07,2025-09-09,LATE,False,71389.11,Q3
SUP014,Supplier O14,Americas,SI-SUP014-Q3-009,2025-09-12,2025-09-13,RECEIVED,False,331057.53,Q3
SUP014,Supplier O14,Americas,SI-SUP014-Q4-001,2025-12-31,2025-12-30,RECEIVED,False,316339.09,Q4
SUP014,Supplier O14,Americas,SI-SUP014-Q4-002,2025-11-04,2025-11-09,DELAYED,True,242197.65,Q4
SUP014,Supplier O14,Americas,SI-SUP014-Q4-003,2025-11-14,2025-11-16,LATE,False,277087.79,Q4
SUP014,Supplier O14,Americas,SI-SUP014-Q4-004,2025-11-08,2025-11-11,LATE,False,140034.64,Q4
SUP015,Supplier P15,Other,SI-SUP015-Q1-001,2025-02-02,2025-02-07,DELAYED,False,352202.11,Q1
SUP015,Supplier P15,Other,SI-SUP015-Q1-002,2025-03-12,2025-03-10,RECEIVED,False,332529.77,Q1
SUP015,Supplier P15,Other,SI-SUP015-Q1-003,2025-03-08,2025-03-13,DELAYED,False,145828.76,Q1
SUP015,Supplier P15,Other,SI-SUP015-Q1-004,2025-03-01,2025-03-05,DELAYED,False,470586.17,Q1
SUP015,Supplier P15,Other,SI-SUP015-Q1-005,2025-03-22,2025-03-23,RECEIVED,True,213923.6,Q1
SUP015,Supplier P15,Other,SI-SUP015-Q1-006,2025-01-19,2025-01-21,LATE,False,429854.9,Q1
SUP015,Supplier P15,Other,SI-SUP015-Q1-007,2025-02-22,2025-02-21,RECEIVED,False,335267.37,Q1
SUP015,Supplier P15,Other,SI-SUP015-Q1-008,2025-02-22,2025-02-24,LATE,False,340719.19,Q1
SUP015,Supplier P15,Other,SI-SUP015-Q1-009,2025-02-02,2025-02-03,RECEIVED,False,232639.67,Q1
SUP015,Supplier P15,Other,SI-SUP015-Q2-001,2025-04-20,2025-04-21,RECEIVED,False,408670.14,Q2
SUP015,Supplier P15,Other,SI-SUP015-Q2-002,2025-05-10,2025-05-14,DELAYED,False,239908.61,Q2
SUP015,Supplier P15,Other,SI-SUP015-Q2-003,2025-04-05,2025-04-07,LATE,False,111393.78,Q2
SUP015,Supplier P15,Other,SI-SUP015-Q2-004,2025-05-04,2025-05-06,LATE,False,346401.82,Q2
SUP015,Supplier P15,Other,SI-SUP015-Q3-001,2025-09-21,2025-09-26,DELAYED,False,402005.19,Q3
SUP015,Supplier P15,Other,SI-SUP015-Q3-002,2025-07-08,2025-07-07,RECEIVED,False,191257.15,Q3
SUP015,Supplier P15,Other,SI-SUP015-Q3-003,2025-08-08,2025-08-12,DELAYED,False,453547.96,Q3
SUP015,Supplier P15,Other,SI-SUP015-Q3-004,2025-09-24,2025-09-23,RECEIVED,False,228602.77,Q3
SUP015,Supplier P15,Other,SI-SUP015-Q3-005,2025-07-18,2025-07-17,RECEIVED,False,284880.9,Q3
SUP015,Supplier P15,Other,SI-SUP015-Q4-001,2025-12-03,2025-12-04,RECEIVED,False,319919.59,Q4
SUP015,Supplier P15,Other,SI-SUP015-Q4-002,2025-11-10,2025-11-14,DELAYED,False,412628.72,Q4
SUP015,Supplier P15,Other,SI-SUP015-Q4-003,2025-10-31,2025-11-01,RECEIVED,False,114925.06,Q4
SUP015,Supplier P15,Other,SI-SUP015-Q4-004,2025-10-23,2025-10-25,LATE,False,247763.94,Q4
SUP015,Supplier P15,Other,SI-SUP015-Q4-005,2025-11-02,2025-10-31,RECEIVED,False,270661.36,Q4
SUP015,Supplier P15,Other,SI-SUP015-Q4-006,2025-11-17,2025-11-16,RECEIVED,False,192420.48,Q4
SUP015,Supplier P15,Other,SI-SUP015-Q4-007,2025-11-24,2025-11-25,RECEIVED,False,483491.9,Q4
SUP016,Supplier Q16,Europe,SI-SUP016-Q1-001,2025-02-16,2025-02-19,LATE,False,419614.41,Q1
SUP016,Supplier Q16,Europe,SI-SUP016-Q1-002,2025-01-03,2025-01-01,RECEIVED,False,428662.83,Q1
SUP016,Supplier Q16,Europe,SI-SUP016-Q1-003,2025-03-26,2025-03-24,RECEIVED,False,360807.1,Q1
SUP016,Supplier Q16,Europe,SI-SUP016-Q1-004,2025-03-27,2025-03-31,DELAYED,False,189170.83,Q1
SUP016,Supplier Q16,Europe,SI-SUP016-Q1-005,2025-03-31,2025-03-30,RECEIVED,False,290709.81,Q1
SUP016,Supplier Q16,Europe,SI-SUP016-Q2-001,2025-05-27,2025-05-31,DELAYED,False,467378.33,Q2
SUP016,Supplier Q16,Europe,SI-SUP016-Q2-002,2025-05-03,2025-05-04,RECEIVED,False,183840.31,Q2
SUP016,Supplier Q16,Europe,SI-SUP016-Q2-003,2025-04-21,2025-04-24,LATE,False,445760.26,Q2
SUP016,Supplier Q16,Europe,SI-SUP016-Q2-004,2025-06-22,2025-06-20,RECEIVED,False,173316.44,Q2
SUP016,Supplier Q16,Europe,SI-SUP016-Q2-005,2025-04-11,2025-04-16,DELAYED,False,261991.08,Q2
SUP016,Supplier Q16,Europe,SI-SUP016-Q2-006,2025-05-23,2025-05-26,LATE,False,372823.71,Q2
SUP016,Supplier Q16,Europe,SI-SUP016-Q3-001,2025-07-21,2025-07-20,RECEIVED,False,208335.36,Q3
SUP016,Supplier Q16,Europe,SI-SUP016-Q3-002,2025-09-16,2025-09-19,LATE,False,253967.79,Q3
SUP016,Supplier Q16,Europe,SI-SUP016-Q3-003,2025-07-04,2025-07-04,RECEIVED,False,333570.35,Q3
SUP016,Supplier Q16,Europe,SI-SUP016-Q3-004,2025-09-21,2025-09-25,DELAYED,True,140033.89,Q3
SUP016,Supplier Q16,Europe,SI-SUP016-Q4-001,2025-11-10,2025-11-09,RECEIVED,False,121020.1,Q4
SUP016,Supplier Q16,Europe,SI-SUP016-Q4-002,2025-12-06,2025-12-06,RECEIVED,False,431132.19,Q4
SUP016,Supplier Q16,Europe,SI-SUP016-Q4-003,2025-12-27,2025-12-30,LATE,False,253170.45,Q4
SUP016,Supplier Q16,Europe,SI-SUP016-Q4-004,2025-10-18,2025-10-21,LATE,False,409787.9,Q4
SUP016,Supplier Q16,Europe,SI-SUP016-Q4-005,2025-10-26,2025-10-29,LATE,True,131850.16,Q4
SUP016,Supplier Q16,Europe,SI-SUP016-Q4-006,2025-11-18,2025-11-19,RECEIVED,False,59330.59,Q4
SUP016,Supplier Q16,Europe,SI-SUP016-Q4-007,2025-10-03,2025-10-04,RECEIVED,False,458080.15,Q4
SUP017,Supplier R17,Asia,SI-SUP017-Q1-001,2025-01-26,2025-01-26,RECEIVED,False,72402.33,Q1
SUP017,Supplier R17,Asia,SI-SUP017-Q1-002,2025-03-21,2025-03-23,LATE,False,117163.04,Q1
SUP017,Supplier R17,Asia,SI-SUP017-Q1-003,2025-02-17,2025-02-16,RECEIVED,False,56351.71,Q1
SUP017,Supplier R17,Asia,SI-SUP017-Q1-004,2025-03-09,2025-03-14,DELAYED,False,422265.85,Q1
SUP017,Supplier R17,Asia,SI-SUP017-Q1-005,2025-03-05,2025-03-06,RECEIVED,True,135744.87,Q1
SUP017,Supplier R17,Asia,SI-SUP017-Q1-006,2025-02-04,2025-02-09,DELAYED,False,221933.08,Q1
SUP017,Supplier R17,Asia,SI-SUP017-Q1-007,2025-02-25,2025-02-26,RECEIVED,False,497843.35,Q1
SUP017,Supplier R17,Asia,SI-SUP017-Q1-008,2025-02-06,2025-02-07,RECEIVED,False,238248.95,Q1
SUP017,Supplier R17,Asia,SI-SUP017-Q1-009,2025-02-22,2025-02-20,RECEIVED,False,180586.83,Q1
SUP017,Supplier R17,Asia,SI-SUP017-Q1-010,2025-02-03,2025-02-08,DELAYED,False,458297.71,Q1
SUP017,Supplier R17,Asia,SI-SUP017-Q2-001,2025-06-14,2025-06-19,DELAYED,False,88582.4,Q2
SUP017,Supplier R17,Asia,SI-SUP017-Q2-002,2025-05-31,2025-06-03,LATE,True,488479.63,Q2
SUP017,Supplier R17,Asia,SI-SUP017-Q2-003,2025-05-21,2025-05-25,DELAYED,False,368803.92,Q2
SUP017,Supplier R17,Asia,SI-SUP017-Q2-004,2025-06-16,2025-06-15,RECEIVED,False,300649.99,Q2
SUP017,Supplier R17,Asia,SI-SUP017-Q2-005,2025-04-07,2025-04-08,RECEIVED,False,261919.59,Q2
SUP017,Supplier R17,Asia,SI-SUP017-Q2-006,2025-05-16,2025-05-14,RECEIVED,False,52412.44,Q2
SUP017,Supplier R17,Asia,SI-SUP017-Q2-007,2025-06-04,2025-06-06,LATE,False,489885.74,Q2
SUP017,Supplier R17,Asia,SI-SUP017-Q2-008,2025-06-25,2025-06-23,RECEIVED,False,311219.11,Q2
SUP017,Supplier R17,Asia,SI-SUP017-Q3-001,2025-07-22,2025-07-25,LATE,False,445053.54,Q3
SUP017,Supplier R17,Asia,SI-SUP017-Q3-002,2025-07-17,2025-07-21,DELAYED,True,113808.08,Q3
SUP017,Supplier R17,Asia,SI-SUP017-Q3-003,2025-07-15,2025-07-15,RECEIVED,False,274644.78,Q3
SUP017,Supplier R17,Asia,SI-SUP017-Q3-004,2025-08-05,2025-08-09,DELAYED,False,177316.48,Q3
SUP017,Supplier R17,Asia,SI-SUP017-Q3-005,2025-08-03,2025-08-05,LATE,False,282637.71,Q3
SUP017,Supplier R17,Asia,SI-SUP017-Q3-006,2025-08-25,2025-08-28,LATE,False,381591.16,Q3
SUP017,Supplier R17,Asia,SI-SUP017-Q3-007,2025-09-01,2025-09-01,RECEIVED,False,300053.62,Q3
SUP017,Supplier R17,Asia,SI-SUP017-Q4-001,2025-10-07,2025-10-05,RECEIVED,False,153437.25,Q4
SUP017,Supplier R17,Asia,SI-SUP017-Q4-002,2025-10-05,2025-10-05,RECEIVED,False,367683.29,Q4
SUP017,Supplier R17,Asia,SI-SUP017-Q4-003,2025-11-25,2025-11-30,DELAYED,True,68356.27,Q4
SUP017,Supplier R17,Asia,SI-SUP017-Q4-004,2025-11-15,2025-11-20,DELAYED,False,255991.87,Q4
SUP017,Supplier R17,Asia,SI-SUP017-Q4-005,2025-10-15,2025-10-15,RECEIVED,False,105644.41,Q4
SUP017,Supplier R17,Asia,SI-SUP017-Q4-006,2025-10-12,2025-10-14,LATE,False,131294.73,Q4
SUP017,Supplier R17,Asia,SI-SUP017-Q4-007,2025-10-22,2025-10-24,LATE,False,303461.33,Q4
SUP017,Supplier R17,Asia,SI-SUP017-Q4-008,2025-12-24,2025-12-22,RECEIVED,False,286706.93,Q4
SUP017,Supplier R17,Asia,SI-SUP017-Q4-009,2025-12-13,2025-12-12,RECEIVED,False,160770.85,Q4
SUP017,Supplier R17,Asia,SI-SUP017-Q4-010,2025-12-03,2025-12-06,LATE,False,61682.98,Q4
SUP018,Supplier S18,Americas,SI-SUP018-Q1-001,2025-02-20,2025-02-19,RECEIVED,False,426639.74,Q1
SUP018,Supplier S18,Americas,SI-SUP018-Q1-002,2025-01-20,2025-01-25,DELAYED,True,423814.65,Q1
SUP018,Supplier S18,Americas,SI-SUP018-Q1-003,2025-03-26,2025-03-28,LATE,False,317391.92,Q1
SUP018,Supplier S18,Americas,SI-SUP018-Q1-004,2025-01-01,2024-12-30,RECEIVED,False,345277.74,Q1
SUP018,Supplier S18,Americas,SI-SUP018-Q2-001,2025-05-12,2025-05-12,RECEIVED,False,145115.09,Q2
SUP018,Supplier S18,Americas,SI-SUP018-Q2-002,2025-04-07,2025-04-09,LATE,False,195426.88,Q2
SUP018,Supplier S18,Americas,SI-SUP018-Q2-003,2025-04-08,2025-04-12,DELAYED,False,91647.95,Q2
SUP018,Supplier S18,Americas,SI-SUP018-Q2-004,2025-05-03,2025-05-07,DELAYED,False,90134.74,Q2
SUP018,Supplier S18,Americas,SI-SUP018-Q2-005,2025-04-27,2025-05-01,DELAYED,False,178221.15,Q2
SUP018,Supplier S18,Americas,SI-SUP018-Q2-006,2025-06-23,2025-06-25,LATE,False,270880.29,Q2
SUP018,Supplier S18,Americas,SI-SUP018-Q2-007,2025-05-26,2025-05-28,LATE,False,456680.42,Q2
SUP018,Supplier S18,Americas,SI-SUP018-Q2-008,2025-06-17,2025-06-16,RECEIVED,True,424423.79,Q2
SUP018,Supplier S18,Americas,SI-SUP018-Q2-009,2025-06-05,2025-06-10,DELAYED,False,448435.87,Q2
SUP018,Supplier S18,Americas,SI-SUP018-Q2-010,2025-05-31,2025-06-04,DELAYED,False,90600.06,Q2
SUP018,Supplier S18,Americas,SI-SUP018-Q3-001,2025-08-17,2025-08-21,DELAYED,False,333808.82,Q3
SUP018,Supplier S18,Americas,SI-SUP018-Q3-002,2025-07-12,2025-07-15,LATE,True,487972.31,Q3
SUP018,Supplier S18,Americas,SI-SUP018-Q3-003,2025-09-25,2025-09-25,RECEIVED,False,468800.43,Q3
SUP018,Supplier S18,Americas,SI-SUP018-Q3-004,2025-09-06,2025-09-05,RECEIVED,False,180816.36,Q3
SUP018,Supplier S18,Americas,SI-SUP018-Q3-005,2025-08-25,2025-08-30,DELAYED,True,185176.96,Q3
SUP018,Supplier S18,Americas,SI-SUP018-Q3-006,2025-07-17,2025-07-19,LATE,False,428692.08,Q3
SUP018,Supplier S18,Americas,SI-SUP018-Q3-007,2025-09-05,2025-09-03,RECEIVED,False,297947.45,Q3
SUP018,Supplier S18,Americas,SI-SUP018-Q3-008,2025-07-06,2025-07-10,DELAYED,False,235858.73,Q3
SUP018,Supplier S18,Americas,SI-SUP018-Q3-009,2025-08-29,2025-08-31,LATE,False,209955.94,Q3
SUP018,Supplier S18,Americas,SI-SUP018-Q4-001,2025-12-04,2025-12-09,DELAYED,True,130798.49,Q4
SUP018,Supplier S18,Americas,SI-SUP018-Q4-002,2025-10-24,2025-10-22,RECEIVED,False,87480.75,Q4
SUP018,Supplier S18,Americas,SI-SUP018-Q4-003,2025-12-30,2026-01-04,DELAYED,False,390809.42,Q4
SUP018,Supplier S18,Americas,SI-SUP018-Q4-004,2025-11-27,2025-11-29,LATE,False,203600.47,Q4
SUP019,Supplier T19,Other,SI-SUP019-Q1-001,2025-01-28,2025-01-30,LATE,False,442227.11,Q1
SUP019,Supplier T19,Other,SI-SUP019-Q1-002,2025-01-14,2025-01-12,RECEIVED,False,52631.18,Q1
SUP019,Supplier T19,Other,SI-SUP019-Q1-003,2025-01-15,2025-01-20,DELAYED,True,257073.36,Q1
SUP019,Supplier T19,Other,SI-SUP019-Q1-004,2025-02-21,2025-02-26,DELAYED,False,186259.99,Q1
SUP019,Supplier T19,Other,SI-SUP019-Q1-005,2025-03-20,2025-03-24,DELAYED,False,412088.33,Q1
SUP019,Supplier T19,Other,SI-SUP019-Q2-001,2025-04-17,2025-04-18,RECEIVED,True,100360.63,Q2
SUP019,Supplier T19,Other,SI-SUP019-Q2-002,2025-04-03,2025-04-04,RECEIVED,False,436555.41,Q2
SUP019,Supplier T19,Other,SI-SUP019-Q2-003,2025-04-27,2025-04-27,RECEIVED,False,342382.92,Q2
SUP019,Supplier T19,Other,SI-SUP019-Q2-004,2025-05-26,2025-05-27,RECEIVED,False,88742.1,Q2
SUP019,Supplier T19,Other,SI-SUP019-Q3-001,2025-07-19,2025-07-17,RECEIVED,False,102406.47,Q3
SUP019,Supplier T19,Other,SI-SUP019-Q3-002,2025-07-20,2025-07-25,DELAYED,False,483740.09,Q3
SUP019,Supplier T19,Other,SI-SUP019-Q3-003,2025-08-30,2025-09-04,DELAYED,True,313351.82,Q3
SUP019,Supplier T19,Other,SI-SUP019-Q3-004,2025-07-26,2025-07-30,DELAYED,False,72914.98,Q3
SUP019,Supplier T19,Other,SI-SUP019-Q3-005,2025-07-02,2025-07-06,DELAYED,True,490769.12,Q3
SUP019,Supplier T19,Other,SI-SUP019-Q3-006,2025-09-02,2025-09-04,LATE,False,66657.75,Q3
SUP019,Supplier T19,Other,SI-SUP019-Q3-007,2025-08-21,2025-08-26,DELAYED,False,154357.6,Q3
SUP019,Supplier T19,Other,SI-SUP019-Q3-008,2025-07-08,2025-07-12,DELAYED,False,309381.51,Q3
SUP019,Supplier T19,Other,SI-SUP019-Q3-009,2025-09-09,2025-09-13,DELAYED,True,450113.27,Q3
SUP019,Supplier T19,Other,SI-SUP019-Q3-010,2025-07-15,2025-07-18,LATE,False,251746.43,Q3
SUP019,Supplier T19,Other,SI-SUP019-Q4-001,2025-10-03,2025-10-04,RECEIVED,False,261158.2,Q4
SUP019,Supplier T19,Other,SI-SUP019-Q4-002,2025-11-26,2025-11-27,RECEIVED,False,314446.42,Q4
SUP019,Supplier T19,Other,SI-SUP019-Q4-003,2025-12-27,2026-01-01,DELAYED,False,109021.36,Q4
SUP019,Supplier T19,Other,SI-SUP019-Q4-004,2025-11-07,2025-11-11,DELAYED,False,481911.52,Q4
SUP019,Supplier T19,Other,SI-SUP019-Q4-005,2025-12-26,2025-12-29,LATE,False,408187.7,Q4
SUP019,Supplier T19,Other,SI-SUP019-Q4-006,2025-10-21,2025-10-23,LATE,False,360813.9,Q4
SUP019,Supplier T19,Other,SI-SUP019-Q4-007,2025-10-12,2025-10-12,RECEIVED,False,127981.0,Q4
SUP019,Supplier T19,Other,SI-SUP019-Q4-008,2025-10-21,2025-10-20,RECEIVED,False,407067.11,Q4
SUP019,Supplier T19,Other,SI-SUP019-Q4-009,2025-12-03,2025-12-04,RECEIVED,False,300573.73,Q4
SUP020,Supplier U20,Europe,SI-SUP020-Q1-001,2025-02-15,2025-02-18,LATE,False,354617.54,Q1
SUP020,Supplier U20,Europe,SI-SUP020-Q1-002,2025-01-23,2025-01-21,RECEIVED,False,413066.99,Q1
SUP020,Supplier U20,Europe,SI-SUP020-Q1-003,2025-02-13,2025-02-14,RECEIVED,False,104309.61,Q1
SUP020,Supplier U20,Europe,SI-SUP020-Q2-001,2025-06-02,2025-06-05,LATE,False,403198.61,Q2
SUP020,Supplier U20,Europe,SI-SUP020-Q2-002,2025-04-06,2025-04-08,LATE,False,453342.96,Q2
SUP020,Supplier U20,Europe,SI-SUP020-Q2-003,2025-06-28,2025-06-27,RECEIVED,False,367882.21,Q2
SUP020,Supplier U20,Europe,SI-SUP020-Q2-004,2025-05-27,2025-05-26,RECEIVED,False,488596.89,Q2
SUP020,Supplier U20,Europe,SI-SUP020-Q2-005,2025-06-18,2025-06-17,RECEIVED,False,420624.6,Q2
SUP020,Supplier U20,Europe,SI-SUP020-Q2-006,2025-04-06,2025-04-06,RECEIVED,False,333466.75,Q2
SUP020,Supplier U20,Europe,SI-SUP020-Q3-001,2025-08-16,2025-08-18,LATE,False,368673.51,Q3
SUP020,Supplier U20,Europe,SI-SUP020-Q3-002,2025-09-03,2025-09-02,RECEIVED,False,119433.08,Q3
SUP020,Supplier U20,Europe,SI-SUP020-Q3-003,2025-08-16,2025-08-16,RECEIVED,False,105342.56,Q3
SUP020,Supplier U20,Europe,SI-SUP020-Q3-004,2025-07-26,2025-07-30,DELAYED,False,396148.68,Q3
SUP020,Supplier U20,Europe,SI-SUP020-Q3-005,2025-07-01,2025-07-06,DELAYED,False,203594.03,Q3
SUP020,Supplier U20,Europe,SI-SUP020-Q3-006,2025-09-03,2025-09-05,LATE,False,217596.36,Q3
SUP020,Supplier U20,Europe,SI-SUP020-Q4-001,2025-11-16,2025-11-17,RECEIVED,False,118225.05,Q4
SUP020,Supplier U20,Europe,SI-SUP020-Q4-002,2025-12-07,2025-12-08,RECEIVED,False,112097.45,Q4
SUP020,Supplier U20,Europe,SI-SUP020-Q4-003,2025-11-24,2025-11-28,DELAYED,False,454129.37,Q4
SUP020,Supplier U20,Europe,SI-SUP020-Q4-004,2025-12-06,2025-12-09,LATE,False,474683.12,Q4
SUP020,Supplier U20,Europe,SI-SUP020-Q4-005,2025-11-26,2025-11-24,RECEIVED,True,372931.58,Q4
SUP020,Supplier U20,Europe,SI-SUP020-Q4-006,2025-12-06,2025-12-05,RECEIVED,False,202236.63,Q4
SUP020,Supplier U20,Europe,SI-SUP020-Q4-007,2025-11-21,2025-11-21,RECEIVED,False,245332.53,Q4
SUP020,Supplier U20,Europe,SI-SUP020-Q4-008,2025-11-20,2025-11-20,RECEIVED,False,456130.01,Q4
SUP020,Supplier U20,Europe,SI-SUP020-Q4-009,2025-10-08,2025-10-10,LATE,False,238687.38,Q4
